Title,Sourceid,Type,Issn,issn_parsed
IEEE International Professional Communication Conference,110577,conference and proceedings,2158091X,2158091X
"2008 International Conference on Microwave and Millimeter Wave Technology Proceedings, ICMMT",11600154638,conference and proceedings,-,
"Proceedings of the 15th International Conference on Advanced Computing and Communications, ADCOM 2007",11700154606,conference and proceedings,-,
"Proceedings - 16th International Conference on Artificial Reality and Telexistence - Workshops, ICAT 2006",11800154579,conference and proceedings,-,
ISAHUC' 06 - Proceedings of 2006 International Symposium on Ad Hoc and Ubiquitous Computing,11800154598,conference and proceedings,-,
"Proceedings - 18th International Conference on Electronics, Communications and Computers, CONIELECOMP 2008",12100155340,conference and proceedings,-,
"International Speech Communication Association - 8th Annual Conference of the International Speech Communication Association, Interspeech 2007",12700154744,conference and proceedings,-,
Global Media Journal (discontinued),14000156160,journal,15507521,15507521
American Communication Journal,16924,journal,15325865,15325865
Journal of the Early Book Society,17100154757,journal,15256790,15256790
International Journal of Digital Multimedia Broadcasting,17600155044,journal,"16877586, 16877578","16877586,16877578"
Visitor Studies,18300156707,journal,"10645578, 19347715","10645578,19347715"
Enriching Communications,18800156715,trade journal,19607652,19607652
Digital TV Europe,19500157805,journal,2040266X,2040266X
"2009 47th Annual Allerton Conference on Communication, Control, and Computing, Allerton 2009",19700167511,conference and proceedings,-,
Journal of Integral Theory and Practice,19700201412,journal,"19445091, 19445083","19445091,19445083"
Journal of Mobile Multimedia,19900192412,journal,15504646,15504646
International Journal of Ultra Wideband Communications and Systems,19900193668,journal,"17587298, 1758728X","17587298,1758728X"
"LIA Language, Interaction and Acquisition",20500195202,journal,"18797873, 18797865","18797873,18797865"
EKSIG 2011: SkinDeep - Experiential Knowledge and Multi Sensory Communication - Proceedings of the International Conference 2011 of the DRS Special Interest Group on Experiential Knowledge,21100203126,conference and proceedings,-,
Innovation and the Public Sector,21100211718,book series,"09289038, 18711073","09289038,18711073"
Emerging Communication: Studies in New Technologies and Practices in Communication,21100211725,book series,"15667677, 18798349","15667677,18798349"
"2013 International Conference on Computing, Management and Telecommunications, ComManTel 2013",21100236802,conference and proceedings,-,
"2013 IEEE 10th Consumer Communications and Networking Conference, CCNC 2013",21100236809,conference and proceedings,-,
"IEEE Radio and Wireless Symposium, RWS",21100238651,conference and proceedings,"21642974, 21642958","21642974,21642958"
"2013 International Conference on Computing, Networking and Communications, ICNC 2013",21100239611,conference and proceedings,-,
"2013 5th International Conference on Information and Communication Technology for the Muslim World, ICT4M 2013",21100242838,conference and proceedings,-,
"Global Media Journal, Canadian Edition",21100245708,journal,19185901,19185901
"International Conference on Advanced Computing and Communication Technologies, ACCT",21100247087,conference and proceedings,"23270659, 23270632","23270659,23270632"
"International Conference on Space Science and Communication, IconSpace",21100269617,conference and proceedings,"21654301, 2165431X","21654301,2165431X"
"UCMMT 2013 - 2013 6th UK, Europe, China Millimeter Waves and THz Technology Workshop",21100276233,conference and proceedings,-,
"2013 11th International Conference on Telecommunications in Modern Satellite, Cable and Broadcasting Services, TELSIKS 2013",21100286345,conference and proceedings,-,
"2013 IEEE International Conference on RFID-Technologies and Applications, RFID-TA 2013",21100286365,conference and proceedings,-,
"IEEE International Conference on Adaptive Science and Technology, ICAST",21100298054,conference and proceedings,"23269413, 23269448","23269413,23269448"
"2013 IEEE International Conference on Advanced Networks and Telecommunications Systems, ANTS 2013",21100314707,conference and proceedings,-,
"2014 20th National Conference on Communications, NCC 2014",21100316054,conference and proceedings,-,
Vehicular Communications,21100324363,journal,"22142096, 2214210X","22142096,2214210X"
"4th International Conference on Telecommunications in Modern Satellite, Cable and Broadcasting Services, ITELSIKS 1999 - Proceedings",21100326893,conference and proceedings,-,
"Proceeding - IEEE COMNETSAT 2013: IEEE International Conference on Communication, Networks and Satellite",21100332201,conference and proceedings,-,
SRIF 2014 - Proceedings of the ACM SIGCOMM 2014 Workshop on Software Radio Implementation Forum,21100334883,conference and proceedings,-,
"SoMeRA 2014 - Proceedings of the 1st ACM International Workshop on Social Media Retrieval and Analysis, Co-located with SIGIR 2014",21100338708,conference and proceedings,-,
"OPTICS 2014 - Proceedings of the 5th International Conference on Optical Communication Systems, Part of ICETE 2014 - 11th International Joint Conference on e-Business and Telecommunications",21100346014,conference and proceedings,-,
"Proceedings - 2014 IEEE 3rd International Conference on Mobile Services, MS 2014",21100348318,conference and proceedings,-,
"20th European Wireless Conference, EW 2014",21100349574,conference and proceedings,-,
"2014 IEEE Microwaves, Radar and Remote Sensing Symposium, MRRS 2014 - Proceedings",21100349590,conference and proceedings,-,
"Proceedings - 2014 International Conference on Embedded and Ubiquitous Computing, EUC 2014",21100355815,conference and proceedings,-,
"2014 IEEE International Conference on Smart Grid Communications, SmartGridComm 2014",21100371201,conference and proceedings,-,
"BROADBANDCOM 2009 - Selected Papers on Broadband Communication, Information Technology and Biomedical Applications",21100375214,conference and proceedings,-,
"Proceedings - 5th International Conference on Computer and Communication Engineering: Emerging Technologies via Comp-Unication Convergence, ICCCE 2014",21100377495,conference and proceedings,-,
TEIN 2012 - 2012 3rd International Conference on Telecommunication and Information,21100380976,conference and proceedings,-,
"2014 the 5th International Conference on Information and Communication Technology for the Muslim World, ICT4M 2014",21100381209,conference and proceedings,-,
Advances in the History of Rhetoric,21100382610,journal,"15362426, 19360835","15362426,19360835"
TEIN 2011 - 2011 2nd ETP/IITA Conference on Telecommunication and Information,21100382628,conference and proceedings,-,
"Proceedings of the 2014 9th International Conference on Communications and Networking in China, CHINACOM 2014",21100382809,conference and proceedings,-,
TEIN 2010 - 2010 ETP/IITA Conference on Telecommunication and Information,21100382825,conference and proceedings,-,
"2014 IEEE Globecom Workshops, GC Wkshps 2014",21100384304,conference and proceedings,-,
"2015 21st National Conference on Communications, NCC 2015",21100390106,conference and proceedings,-,
European Microwave Week 2014: ,21100390366,conference and proceedings,-,
"Smart Grid Conference 2014, SGC 2014",21100395903,conference and proceedings,-,
"GISTAM 2015 - 1st International Conference on Geographical Information Systems Theory, Applications and Management, Proceedings",21100403324,conference and proceedings,-,
"Control Engineering and Information Systems - Proceedings of the International Conference on Control Engineering and Information System, ICCEIS 2014",21100405527,conference and proceedings,-,
Austrian Journal of South-East Asian Studies,21100405571,journal,"19992521, 1999253X","19992521,1999253X"
APNOMS 2014 - 16th Asia-Pacific Network Operations and Management Symposium,21100407206,conference and proceedings,-,
Library of the Written Word,21100407264,book series,"18744842, 18744834","18744842,18744834"
"2013 International Conference on Privacy and Security in Mobile Systems, PRISMS 2013 - co-located with Global Wireless Summit",21100407603,conference and proceedings,-,
"RINA, Royal Institution of Naval Architects - Design and Operation of Passenger Ships 2013",21100409156,conference and proceedings,-,
Publishing History,21100410300,journal,03092445,03092445
"American Fuel and Petrochemical Manufacturers, AFPM - AFPM Annual Meeting 2015",21100411929,conference and proceedings,-,
"Proceedings - IEEE International Conference on E-Commerce, CEC 2003",21100415973,conference and proceedings,-,
"ACL-IJCNLP 2015 - 53rd Annual Meeting of the Association for Computational Linguistics and the 7th International Joint Conference on Natural Language Processing, Proceedings of the Student Research Workshop",21100416485,conference and proceedings,-,
"2003 IEEE Workshop on Automatic Speech Recognition and Understanding, ASRU 2003",21100423355,conference and proceedings,-,
"Proceedings - 8th International Workshop on Search-Based Software Testing, SBST 2015",21100424190,conference and proceedings,-,
"IEEE International Symposium on Diagnostics for Electric Machines, Power Electronics and Drives, SDEMPED 2003 - Proceedings",21100425315,conference and proceedings,-,
"2nd IEEE International Security in Storage Workshop, SISW 2003",21100427020,conference and proceedings,-,
Scholarly Communication,21100427159,book series,"18799027, 18799035","18799027,18799035"
"5th International Defense and Homeland Security Simulation Workshop, DHSS 2015",21100429024,conference and proceedings,-,
"American Fuel and Petrochemical Manufacturers, AFPM - Reliability and Maintenance Conference 2015",21100433486,conference and proceedings,-,
Communication Sciences and Disorders,21100439340,journal,"22880917, 22881328","22880917,22881328"
"RealWSN 2015 - Proceedings of the 6th ACM Workshop on Real World Wireless Sensor Networks, co-located with SenSys 2015",21100444391,conference and proceedings,-,
"Manufacturing and Engineering Technology - Proceedings of the 2014 International Conference on Manufacturing and Engineering Technology, ICMET 2014",21100446511,conference and proceedings,-,
"MMCommons 2015 - Proceedings of the 2015 Workshop on Community-Organized Multimodal Mining: Opportunities for Novel Solutions, co-located with ACM MM 2015",21100446604,conference and proceedings,-,
"Proceedings - 2015 2nd IEEE International Conference on Advances in Computing and Communication Engineering, ICACCE 2015",21100448007,conference and proceedings,-,
"International Conference on Energy Economics and Environment - 1st IEEE Uttar Pradesh Section Conference, UPCON-ICEEE 2015",21100448030,conference and proceedings,-,
"Proceedings of the 13th International Symposium on Operational Research, SOR 2015",21100448213,conference and proceedings,-,
"2015 International Conference on Collaboration Technologies and Systems, CTS 2015",21100448540,conference and proceedings,-,
MIDDLEWARE 2015 - Middleware Posters and Demos 2015: Proceedings of the Posters and Demos Session of the 16th International Middleware Conference,21100448553,conference and proceedings,-,
"2015 4th International Conference on Agro-Geoinformatics, Agro-Geoinformatics 2015",21100450013,conference and proceedings,-,
"SPLASH Companion 2015 - Companion Proceedings of the 2015 ACM SIGPLAN International Conference on Systems, Programming, Languages and Applications: Software for Humanity",21100450016,conference and proceedings,-,
"SIAM International Conference on Data Mining 2013, SMD 2013",21100450238,conference and proceedings,-,
"IPCC/SIGDOC 2000: Technology and Teamwork - Proceedings, IEEE Professional Communication Society International Professional Communication Conference and ACM Special Interest Group on Documentation Conference",21100450324,conference and proceedings,-,
Proceedings - KORUS 2000: 4th Korea-Russia International Symposium on Science and Technology,21100451296,conference and proceedings,-,
TVX 2015 - Proceedings of the ACM International Conference on Interactive Experiences for TV and Online Video,21100451334,conference and proceedings,-,
"2001 International Topical Meeting on Microwave Photonics, MWP 2001",21100453505,conference and proceedings,-,
"Environmental Aspects, Applications and Implications of Nanomaterials and Nanotechnology 2014 - Topical Conference at the 2014 AIChE Annual Meeting",21100454671,conference and proceedings,-,
"Proceedings - 2014 International Conference on Virtual Reality and Visualization, ICVRV 2014",21100454950,conference and proceedings,-,
"Proceedings - 4th International Workshop on Web Site Evolution, WSE 2002",21100454970,conference and proceedings,-,
"2015 IEEE International Conference on Ubiquitous Wireless Broadband, ICUWB 2015",21100455110,conference and proceedings,-,
SIGCOMM 2015 - Proceedings of the 2015 ACM Conference on Special Interest Group on Data Communication,21100455111,conference and proceedings,-,
Computational Molecular Science and Engineering Forum 2014 - Core Programming Area at the 2014 AIChE Annual Meeting,21100455147,conference and proceedings,-,
"2015 IEEE Avionics and Vehicle Fiber-Optics and Photonics Conference, AVFOP 2015",21100455171,conference and proceedings,-,
"2015 IEEE Dallas Circuits and Systems Conference: Enabling Technologies for a Connected World, DCAS 2015",21100455187,conference and proceedings,-,
SenSys 2015 - Proceedings of the 13th ACM Conference on Embedded Networked Sensor Systems,21100455491,conference and proceedings,-,
"Advances in Information, Electronic and Electrical Engineering, AIEEE 2015 - Proceedings of the 2015 IEEE 3rd Workshop",21100455550,conference and proceedings,-,
"2015 26th Annual SEMI Advanced Semiconductor Manufacturing Conference, ASMC 2015",21100455646,conference and proceedings,-,
"IEEE CPMT Symposium Japan 2015: Packaging is Everywhere, ICSJ 2015",21100456127,conference and proceedings,-,
Journal of Japanese and Korean Cinema,21100456194,journal,"17564913, 17564905","17564913,17564905"
"Proceedings - 7th International Symposium on String Processing and Information Retrieval, SPIRE 2000",21100456669,conference and proceedings,-,
"International Topical Meeting on Microwave Photonics, MWP 2000",21100456675,conference and proceedings,-,
"Proceedings - 2015 European Intelligence and Security Informatics Conference, EISIC 2015",21100456740,conference and proceedings,-,
"2015 International Conference on Computing, Management and Telecommunications, ComManTel 2015",21100456770,conference and proceedings,-,
"Proceedings - 2015 IEEE International Conference on Knowledge and Systems Engineering, KSE 2015",21100456783,conference and proceedings,-,
"Proceedings of the 2015 IEEE Innovative Smart Grid Technologies - Asia, ISGT ASIA 2015",21100457001,conference and proceedings,-,
ACHI 2014 - 7th International Conference on Advances in Computer-Human Interactions,21100457365,conference and proceedings,-,
AIChE NorCal Process Development Symposium 2014: Toward Commercialization Success,21100461427,conference and proceedings,-,
"Proceedings - 8th International Conference on Control and Automation, CA 2015",21100461488,conference and proceedings,-,
"Proceedings of the 3rd ACM IKDD Conference on Data Sciences, CODS 2016",21100462893,conference and proceedings,-,
"2015 IEEE 1st International Smart Cities Conference, ISC2 2015",21100463121,conference and proceedings,-,
"2016 IEEE Real-Time and Embedded Technology and Applications Symposium, RTAS 2016 - Proceedings",21100463503,conference and proceedings,-,
"2016 17th International Conference on Thermal, Mechanical and Multi-Physics Simulation and Experiments in Microelectronics and Microsystems, EuroSimE 2016",21100465028,conference and proceedings,-,
"Proceedings of the 5th International Workshop on Mobile Entity Localization and Tracking in GPS-Less Environments, MELT 2015",21100466843,conference and proceedings,-,
143rd Technical Conference and Exhibition,21100467824,conference and proceedings,-,
"Battery Congress 2015, Papers and Presentations",21100468801,conference and proceedings,-,
ICASE 2015 - 4th International Conference on Aerospace Science and Engineering,21100469592,conference and proceedings,-,
"Doctoral Consortium on Knowledge Discovery, Knowledge Engineering and Knowledge Management, DC3K 2015",21100469608,conference and proceedings,-,
"ASME 2015 13th International Conference on Nanochannels, Microchannels, and Minichannels, ICNMM 2015, collocated with the ASME 2015 International Technical Conference and Exhibition on Packaging and Integration of Electronic and Photonic Microsystems",21100469907,conference and proceedings,-,
"2003 Congress on Evolutionary Computation, CEC 2003 - Proceedings",21100496440,conference and proceedings,-,
"22nd International Technical Meeting of the Satellite Division of the Institute of Navigation 2009, ION GNSS 2009",21100496899,conference and proceedings,-,
"International Conference on Information Systems 2011, ICIS 2011",21100496990,conference and proceedings,-,
"Proceedings of the Institute of Navigation, National Technical Meeting",21100497241,conference and proceedings,-,
"Research Forum on Recycling, Proceedings",21100528900,conference and proceedings,-,
SPE Middle East Oil Conference Proceedings,21100528953,conference and proceedings,-,
"Proceedings of the 2007 7th IEEE-RAS International Conference on Humanoid Robots, HUMANOIDS 2007",21100669894,conference and proceedings,-,
International Journal of Marketing Semiotics and Discourse Studies,21100773744,journal,21952280,21952280
"VLCS 2015 - Proceedings of the 2nd International Workshop on Visible Light Communications Systems, co-located with MobiCom 2015",21100774312,conference and proceedings,-,
"MSCC 2016 - Proceedings of the 3rd MobiHoc International Workshop on Mobile Sensing, Computing and Communication",21100775036,conference and proceedings,-,
"2014 Operational Research Society Simulation Workshop, SW 2014",21100775376,conference and proceedings,-,
"MHC 2005 - Proceedings of the ACM Workshop on Multimedia for Human Communication - From Capture to Convey, co-located with ACM Multimedia 2005",21100775496,conference and proceedings,-,
"Proceedings - 2015 International Symposium on Theoretical Aspects of Software Engineering, TASE 2015",21100775565,conference and proceedings,-,
Proceedings - SEKE 2012: 24th International Conference on Software Engineering and Knowledge Engineering,21100775720,conference and proceedings,-,
"ASIA CCS 2014 - Proceedings of the 9th ACM Symposium on Information, Computer and Communications Security",21100777288,conference and proceedings,-,
"2014 7th Advanced Satellite Multimedia Systems Conference and the 13th Signal Processing for Space Communications Workshop, ASMS/SPSC 2014",21100777352,conference and proceedings,-,
"International Conference on Signal Processing Proceedings, ICSP",21100780000,conference and proceedings,-,
"2014 Asia-Pacific Microwave Conference Proceedings, APMC 2014",21100780002,conference and proceedings,-,
CCIS 2014 - Proceedings of 2014 IEEE 3rd International Conference on Cloud Computing and Intelligence Systems,21100780009,conference and proceedings,-,
"2014 IEEE 3rd Global Conference on Consumer Electronics, GCCE 2014",21100780023,conference and proceedings,-,
"2016 13th International Conference on Electrical Engineering/Electronics, Computer, Telecommunications and Information Technology, ECTI-CON 2016",21100780800,conference and proceedings,-,
PECCS 2016 - Proceedings of the 6th International Joint Conference on Pervasive and Embedded Computing and Communication Systems,21100781872,conference and proceedings,-,
Proceedings of Spatial Accuracy 2016,21100781963,conference and proceedings,-,
ICETE 2016 - Proceedings of the 13th International Joint Conference on e-Business and Telecommunications,21100781966,conference and proceedings,-,
World Petroleum Congress Proceedings,21100782415,conference and proceedings,-,
"2014 Joint International Accelerator School: Beam Loss and Accelerator Protection, Proceedings",21100782665,conference and proceedings,-,
"41st EPS Conference on Plasma Physics, EPS 2014",21100784449,conference and proceedings,-,
"2016 IEEE Virtual Reality Workshop on K-12 Embodied Learning through Virtual and Augmented Reality, KELVAR 2016",21100784643,conference and proceedings,-,
"Proceedings - 2016 IEEE 22nd International Conference on Embedded and Real-Time Computing Systems and Applications, RTCSA 2016",21100784657,conference and proceedings,-,
"Proceedings of the 2016 IEEE 11th Conference on Industrial Electronics and Applications, ICIEA 2016",21100786995,conference and proceedings,-,
"41st EPS Conference on Plasma Physics, EPS 2014",21100787545,conference and proceedings,-,
"Proceedings of the 2015 IEEE 4th Asia-Pacific Conference on Antennas and Propagation, APCAP 2015",21100787664,conference and proceedings,-,
IEEE International Symposium on Industrial Electronics,21100787818,conference and proceedings,-,
"IEEE International Conference on Intelligence and Security Informatics: Cybersecurity and Big Data, ISI 2016",21100788405,conference and proceedings,-,
ICETE 2016 - Proceedings of the 13th International Joint Conference on e-Business and Telecommunications,21100788419,conference and proceedings,-,
"Proceedings of the 5th ACM SIGSPATIAL International Workshop on Analytics for Big Geospatial Data, BigSpatial 2016",21100788475,conference and proceedings,-,
"International Conference on Electrical, Electronics, and Optimization Techniques, ICEEOT 2016",21100789848,conference and proceedings,-,
CIBCB 2016 - Annual IEEE International Conference on Computational Intelligence in Bioinformatics and Computational Biology,21100793864,conference and proceedings,-,
Yearbook of Phraseology,21100794824,journal,"18686338, 1868632X","18686338,1868632X"
ARF 2015 - 4th Asian-Australian Rotorcraft Forum,21100797710,conference and proceedings,-,
"2016 International Conference on Advanced Communication Systems and Information Security, ACOSIS 2016 - Proceedings",21100801165,conference and proceedings,-,
"1st IEEE International Conference on Power Electronics, Intelligent Control and Energy Systems, ICPEICES 2016",21100802718,conference and proceedings,-,
"5th International Winter Conference on Brain-Computer Interface, BCI 2017",21100803202,conference and proceedings,-,
"2016 IEEE Signal Processing in Medicine and Biology Symposium, SPMB 2016 - Proceedings",21100803206,conference and proceedings,-,
Comunicazioni Sociali,21100803568,journal,"03928667, 18277969","03928667,18277969"
"ACL-IJCNLP 2015 - 53rd Annual Meeting of the Association for Computational Linguistics and 7th International Joint Conference on Natural Language Processing of the Asian Federation of Natural Language Processing, Proceedings of the Conference - Short Papers",21100803576,conference and proceedings,-,
"2nd International Conference on Communication, Control and Intelligent Systems, CCIS 2016",21100805755,conference and proceedings,-,
"Proceedings of the 2017 20th Conference on Innovations in Clouds, Internet and Networks, ICIN 2017",21100812106,conference and proceedings,-,
"2nd Joint International Conference on Digital Arts, Media and Technology 2017: Digital Economy for Sustainable Growth, ICDAMT 2017",21100812609,conference and proceedings,-,
IASTED International Conference on Modelling Identification and Control,21100814061,conference and proceedings,-,
"2017 IEEE International Conference on Pervasive Computing and Communications, PerCom 2017",21100817120,conference and proceedings,-,
"EDUNINE 2017 - IEEE World Engineering Education Conference: Engineering Education - Balancing Generalist and Specialist Formation in Technological Carriers: A Current Challenge, Proceedings",21100817123,conference and proceedings,-,
"Proceedings - 2016 IEEE International Conference on Big Data, Big Data 2016",21100817409,conference and proceedings,-,
"Proceedings of the 2016 2nd International Conference on Applied and Theoretical Computing and Communication Technology, iCATccT 2016",21100817596,conference and proceedings,-,
SpaceOps 2016 Conference,21100818700,conference and proceedings,-,
Digital Communications and Networks,21100823476,journal,"23528648, 24685925","23528648,24685925"
"2017 3rd International Conference on Web Research, ICWR 2017",21100824882,conference and proceedings,-,
"2017 4th International Conference on eDemocracy and eGovernment, ICEDEG 2017",21100826278,conference and proceedings,-,
"Proceedings - 2017 IEEE/ACM 4th International Workshop on CrowdSourcing in Software Engineering, CSI-SE 2017",21100826429,conference and proceedings,-,
"2017 14th IEEE Annual Consumer Communications and Networking Conference, CCNC 2017",21100827141,conference and proceedings,-,
"Proceedings of 2017 4th Experiment at International Conference: Online Experimentation, exp.at 2017",21100827814,conference and proceedings,-,
"2017 IEEE/ACM 25th International Symposium on Quality of Service, IWQoS 2017",21100827815,conference and proceedings,-,
"Proceedings - 2017 IEEE 2nd International Conference on Connected Health: Applications, Systems and Engineering Technologies, CHASE 2017",21100830410,conference and proceedings,-,
SIGCOMM 2017 -  Proceedings of the 2017 Conference of the ACM Special Interest Group on Data Communication,21100830485,conference and proceedings,-,
"Proceedings - 2017 10th International Conference on Human System Interactions, HSI 2017",21100832409,conference and proceedings,-,
ICA 2017 - 2017 IEEE International Conference on Agents,21100832946,conference and proceedings,-,
12th USA/Europe Air Traffic Management R and D Seminar,21100833803,conference and proceedings,-,
"Proceedings - 12th International Workshop on Semantic and Social Media Adaptation and Personalization, SMAP 2017",21100833835,conference and proceedings,-,
"Proceedings of the 4th ACM International Conference on Nanoscale Computing and Communication, NanoCom 2017",21100838762,conference and proceedings,-,
"Proceedings of 2017 IEEE 7th International Conference on Electronics Information and Emergency Communication, ICEIEC 2017",21100840701,conference and proceedings,-,
Cogency,21100841303,journal,07188285,07188285
"mmNets 2017 - Proceedings of the 1st ACM Workshop on Millimeter-Wave Networks and Sensing Systems 2017, co-located with MobiCom 2017",21100845235,conference and proceedings,-,
Indian Journal of Extension Education,21100846015,journal,"05371996, 2454552X","05371996,2454552X"
"ICCSS 2017 - 2017 International Conference on Information, Cybernetics, and Computational Social Systems",21100846910,conference and proceedings,-,
Journal of Print and Media Technology Research,21100847304,journal,"22238905, 24146250","22238905,24146250"
Digital Icons,21100847373,journal,20437633,20437633
Zeichen,21100856788,journal,09324747,09324747
"Proceedings - 3rd International Workshop on Social Sensing, SocialSens 2018",21100864384,conference and proceedings,-,
"2018 5th International Conference on eDemocracy and eGovernment, ICEDEG 2018",21100865704,conference and proceedings,-,
"2nd International Conference on Natural Language and Speech Processing, ICNLSP 2018",21100866696,conference and proceedings,-,
Loquens,21100868101,journal,23862637,23862637
"2017 20th Conference of the Oriental Chapter of International Committee for Coordination and Standardization of Speech Databases and Assessment Techniques, O-COCOSDA 2017",21100868554,conference and proceedings,-,
"Proceedings - IEEE 4th International Conference on Big Data Computing Service and Applications, BigDataService 2018",21100870348,conference and proceedings,-,
"2017 IEEE Conference on e-Learning, e-Management and e-Services, IC3e 2017",21100870592,conference and proceedings,-,
Safety Forum 2017: Preventing Runway Collision,21100873738,conference and proceedings,-,
"EDUNINE 2018 - 2nd IEEE World Engineering Education Conference: The Role of Professional Associations in Contemporaneous Engineer Careers, Proceedings",21100878033,conference and proceedings,-,
"Proceedings of the 5th ACM International Conference on Nanoscale Computing and Communication, NANOCOM 2018",21100883705,conference and proceedings,-,
"Proceedings of 2018 IEEE 8th International Conference on Electronics Information and Emergency Communication, ICEIEC 2018",21100884095,conference and proceedings,-,
SIGCOMM 2018 - Proceedings of the 2018 Conference of the ACM Special Interest Group on Data Communication,21100885290,conference and proceedings,-,
"PICMET 2018 - Portland International Conference on Management of Engineering and Technology: Managing Technological Entrepreneurship: The Engine for Economic Growth, Proceedings",21100885598,conference and proceedings,-,
6th Annual Safety Forum 2018: Safety Behaviors,21100886363,conference and proceedings,-,
"2018 Research on Equity and Sustained Participation in Engineering, Computing, and Technology, RESPECT 2018 - Conference Proceedings",21100886528,conference and proceedings,-,
"Proceedings of the 2018 IEEE/ACM International Conference on Advances in Social Networks Analysis and Mining, ASONAM 2018",21100887838,conference and proceedings,-,
"Proceedings - 2018 2nd IEEE Symposium on Privacy-Aware Computing, PAC 2018",21100887848,conference and proceedings,-,
"2018 9th International Conference on Awareness Science and Technology, iCAST 2018",21100888112,conference and proceedings,-,
RO-MAN 2018 - 27th IEEE International Symposium on Robot and Human Interactive Communication,21100890103,conference and proceedings,-,
Erudition and the Republic of Letters,21100891039,journal,"24055050, 24055069","24055050,24055069"
"South-East Europe Design Automation, Computer Engineering, Computer Networks and Social Media Conference, SEEDA_CECNSM 2018",21100894500,conference and proceedings,-,
"2018 International Conference on Information and Communication Technology Robotics, ICT-ROBOT 2018",21100894748,conference and proceedings,-,
"2018 5th International Conference on Social Networks Analysis, Management and Security, SNAMS 2018",21100894750,conference and proceedings,-,
"Proceeding - 2018 International Conference on ICT for Smart Society: Innovation Toward Smart Society and Society 5.0, ICISS 2018",21100894832,conference and proceedings,-,
2nd Conference on Geophysics for Mineral Exploration and Mining,21100896185,conference and proceedings,-,
Cognitive Studies,21100896913,journal,23922397,23922397
"2018 IEEE International Conference on Intelligence and Security Informatics, ISI 2018",21100897135,conference and proceedings,-,
Victoriographies,21100898970,journal,"20442416, 20442424","20442416,20442424"
SARE,21100899305,journal,0127046X,0127046X
"Tekst, Kniga, Knigoizdaniye",21100900060,journal,"23062061, 23113774","23062061,23113774"
Journal of Social Ontology,21100900143,journal,21969663,21969663
Token,21100900333,journal,"22995900, 23922087","22995900,23922087"
"2018 24th Asia-Pacific Conference on Communications, APCC 2018",21100901421,conference and proceedings,-,
"9th IEEE International Conference on Cognitive Infocommunications, CogInfoCom 2018 - Proceedings",21100901659,conference and proceedings,-,
Trends in Language Acquisition Research,21100902938,book series,15690644,15690644
"Metaphor in Language, Cognition Communication",21100903049,book series,22104836,22104836
"2018 IEEE 10th International Conference on Humanoid, Nanotechnology, Information Technology, Communication and Control, Environment and Management, HNICEM 2018",21100903172,conference and proceedings,-,
Theoria et Historia Scientiarum,21100903456,journal,"08674159, 23921196","08674159,23921196"
Estudios de Teoria Literaria,21100904229,journal,23139676,23139676
SocialSense 2019 - Proceedings of the 2019 4th International Workshop on Social Sensing,21100904441,conference and proceedings,-,
"Proceedings of the 2019 IEEE Communication Strategies in Digital Society Seminar, ComSDS 2019",21100907365,conference and proceedings,-,
"Proceedings of the 2019 12th Asia Pacific Workshop on Mixed and Augmented Reality, APMAR 2019",21100907375,conference and proceedings,-,
SPCOM 2018 - 12th International Conference on Signal Processing and Communications,21100912309,conference and proceedings,-,
"Proceedings - IEEE 2018 International Congress on Cybermatics: 2018 IEEE Conferences on Internet of Things, Green Computing and Communications, Cyber, Physical and Social Computing, Smart Data, Block",21100913548,conference and proceedings,-,
Asian Cinema,21100914235,journal,"1059440X, 20496710","1059440X,20496710"
"2019 5th International Conference on Web Research, ICWR 2019",21100921037,conference and proceedings,-,
Studies in Eastern European Cinema,21100922615,journal,"2040350X, 20403518","2040350X,20403518"
"Proceedings of the International Conference on Computational Techniques, Electronics and Mechanical Systems, CTEMS 2018",21100922925,conference and proceedings,-,
"Proceedings 2018 3rd International Conference on Computational Systems and Information Technology for Sustainable Solutions, CSITSS 2018",21100922934,conference and proceedings,-,
"2018 International Symposium on Security and Privacy in Social Networks and Big Data, SocialSec 2018",21100923471,conference and proceedings,-,
"Proceedings of the 6th IEEE International Conference on MOOCS Innovation and Technology In Education, MITE 2018",21100923514,conference and proceedings,-,
Indo-European Linguistics,21100924303,journal,"22125892, 22125884","22125892,22125884"
"Proceedings of the 8th International Joint Conference on Pervasive and Embedded Computing and Communication Systems, PECCS 2018",21100924760,conference and proceedings,-,
"Proceedings - 15th Annual International Conference on Distributed Computing in Sensor Systems, DCOSS 2019",21100927972,conference and proceedings,-,
SIGCOMM 2019 - Proceedings of the 2019 Conference of the ACM Special Interest Group on Data Communication,21100929309,conference and proceedings,-,
"Proceedings - 2019 IEEE/ACM 12th International Workshop on Cooperative and Human Aspects of Software Engineering, CHASE 2019",21100930951,conference and proceedings,-,
13th USA/Europe Air Traffic Management Research and Development Seminar 2019,21100932631,conference and proceedings,-,
SIdEWayS 2019 - Proceedings of the 5th International Workshop on Social Media World Sensors,21100932645,conference and proceedings,-,
"2018 13th International Conference on Digital Information Management, ICDIM 2018",21100932711,conference and proceedings,-,
"Proceedings of the 6th ACM International Conference on Nanoscale Computing and Communication, NANOCOM 2019",21100933308,conference and proceedings,-,
"Proceedings - 2019 International Conference on Intelligent Computing and Its Emerging Applications, ICEA 2019",21100933978,conference and proceedings,-,
PECCS 2019 - Proceedings of the 9th International Conference on Pervasive and Embedded Computing and Communication Systems,21100934230,conference and proceedings,-,
"Proceedings - 2019 IEEE International Congress on Cybermatics: 12th IEEE International Conference on Internet of Things, 15th IEEE International Conference on Green Computing and Communications, 12th",21100935088,conference and proceedings,-,
"2019 14th International Workshop on Semantic and Social Media Adaptation and Personalization, SMAP 2019",21100935762,conference and proceedings,-,
"Proceedings of the 32nd International Technical Meeting of the Satellite Division of the Institute of Navigation, ION GNSS+ 2019",21100935996,conference and proceedings,-,
"2019 10th International Conference on Speech Technology and Human-Computer Dialogue, SpeD 2019",21100937431,conference and proceedings,-,
"2019 IEEE International Conference on Computer Science and Educational Informatization, CSEI 2019",21100942312,conference and proceedings,-,
"2019 18th International Conference on Information Technology Based Higher Education and Training, ITHET 2019",21100942324,conference and proceedings,-,
"BESC 2019 - 6th International Conference on Behavioral, Economic and Socio-Cultural Computing, Proceedings",21100944435,conference and proceedings,-,
Cinema,21100945205,journal,16478991,16478991
"Proceeding - 2019 International Conference on ICT for Smart Society: Innovation and Transformation Toward Smart Region, ICISS 2019",21100946134,conference and proceedings,-,
Slovenske Divadlo,21100948920,journal,"0037699X, 13368605","0037699X,13368605"
"Proceedings of the 2019 IEEE/ACM International Conference on Advances in Social Networks Analysis and Mining, ASONAM 2019",21100953525,conference and proceedings,-,
"KICSS 2018 - 2018 13th International Conference on Knowledge, Information and Creativity Support Systems, Proceedings",21100954124,conference and proceedings,-,
"Proceedings - 2019 IEEE International Conference on Conversational Data and Knowledge Engineering, CDKE 2019",21100954476,conference and proceedings,-,
"Proceedings - 2019 IEEE International Conference on Humanized Computing and Communication, HCC 2019",21100958282,conference and proceedings,-,
"International Conference on Artificial Intelligence for Transforming Business and Society, AITB 2019",21100958374,conference and proceedings,-,
"Proceedings - 2019 1st International Conference on Transdisciplinary AI, TransAI 2019",21100958492,conference and proceedings,-,
"BDCAT 2019 - Proceedings of the 6th IEEE/ACM International Conference on Big Data Computing, Applications and Technologies",21100962834,conference and proceedings,-,
"2019 IEEE Automatic Speech Recognition and Understanding Workshop, ASRU 2019 - Proceedings",21100970229,conference and proceedings,-,
Literary Journalism Studies,21100980696,journal,"1944897X, 19448988","1944897X,19448988"
Anafora,21101019252,journal,"24595160, 18492339","24595160,18492339"
Imago - Revista de Emblematica y Cultura Visual,21101021487,journal,"21710147, 22549633","21710147,22549633"
Paralleles,21101023864,journal,"21024316, 22966684","21024316,22966684"
Apparatus,21101038535,journal,23657758,23657758
Vestnik Moskovskogo Universiteta. Seriya 10. Zhurnalistika,21101038677,journal,"03208079, 26583526","03208079,26583526"
Medialni Studia,21101038820,journal,"18019978, 24644846","18019978,24644846"
Political Economy of Communication,21101039258,journal,23571705,23571705
Internationale Neerlandistiek,21101040216,journal,"18769071, 22145729","18769071,22145729"
Z Badan nad Ksiazka i Ksiegozbiorami Historycznymi,21101046690,journal,"25448730, 18970788","25448730,18970788"
MedieKultur,21101046763,journal,19019726,19019726
"Language, Discourse and Society",21101050346,journal,22394192,22394192
Scholarly Assessment Reports,21101051215,journal,26895870,26895870
"Translation, Cognition and Behavior",21101053571,journal,"25425285, 25425277","25425285,25425277"
Studies in Language Variation,21101053574,book series,18729592,18729592
Poznanskie Studia Slawistyczne,21101061449,journal,"20843011, 24502731","20843011,24502731"
Visual History,21101089139,journal,"25323504, 24215627","25323504,24215627"
"Journal for Religion, Film and Media",21101090148,journal,"26173697, 24140201","26173697,24140201"
Advances in Southeast Asian Studies,21101141528,journal,2791531X,2791531X
Utrecht Studies in Language and Communication,21101145385,book series,09277706,09277706
Journal of Visualized Surgery,21101176017,journal,22212965,22212965
Journal of Project Management (Canada),21101180532,journal,"23718374, 23718366","23718374,23718366"
"Documentation, Information and Knowledge",21101185486,journal,10032797,10032797
Digital Translation: International Journal of Translation and Localization,21101194144,journal,"29496861, 29496845","29496861,29496845"
Eludamos,21101196453,journal,18666124,18666124
Evropsky Politicky a Pravni Diskurz,21101198704,journal,23365447,23365447
Discourses on Culture,21101243077,journal,24500402,24500402
Publishing and Printing,21101256260,journal,10071938,10071938
Communications in Information and Systems,21101256262,journal,"15267555, 21634548","15267555,21634548"
"International Conference on eDemocracy and eGovernment, ICEDEG",21101258141,journal,"25731998, 25732005","25731998,25732005"
IEEE Networking Letters,21101259094,journal,25763156,25763156
ZTE Communications,21101260505,journal,16735188,16735188
Speech Communication,23671,journal,01676393,01676393
Tolley's Communications Law,3200147834,journal,13619918,13619918
Communications News,4400151706,journal,00103632,00103632
Proceedings of the International Conference on Active Media Technology,54766,conference and proceedings,-,
"1st International Workshop on Broadband Convergence Network, BcN2006",5600152712,conference and proceedings,-,
"First International Conference on Communication System Software and Middleware, Comsware 2006",5700165163,conference and proceedings,-,
Kodikas/ Code,5700169140,journal,01710834,01710834
Zeitschrift fur Evaluation,7200153128,journal,16195515,16195515
South African Journal of Communication Disorders,73721,journal,"03798046, 22254765","03798046,22254765"
